email, senha
0.9868644254343332@mail.com, user123  
0.5479528475702427@mail.com, user123  
0.4032002295415241@mail.com, user123  
0.19050430830062678@mail.com, user123 
0.3896634556489079@mail.com, user123  
0.26104703176386473@mail.com, user123 
0.9997255921499226@mail.com, user123  
0.29316218370507496@mail.com, user123 
0.8294017599304364@mail.com, user123  
0.7874451202940421@mail.com, user123  
0.37155457578314416@mail.com, user123 
0.0725746713447795@mail.com, user123  
0.458898903167638@mail.com, user123   
0.19426004835563143@mail.com, user123 
0.858745066168553@mail.com, user123   